{"stat.walkOneCm":140646,"stat.leaveGame":18,"stat.useItem.minecraft.skull":1,"stat.useItem.minecraft.carpet":1,"stat.useItem.minecraft.clay":1,"stat.jump":785,"stat.swimOneCm":1,"stat.fallOneCm":32526,"stat.crouchOneCm":2219,"stat.enderchestOpened":1,"stat.useItem.minecraft.leaves":1,"stat.useItem.minecraft.dirt":1,"stat.sprintOneCm":107646,"achievement.exploreAllBiomes":{"value":0,"progress":["Plains","Swampland"]},"stat.useItem.minecraft.stone_slab":6,"achievement.openInventory":6,"stat.damageTaken":80,"stat.mobKills":1,"stat.mineBlock.minecraft.carpet":1,"stat.flyOneCm":246426,"stat.drop":2,"stat.mineBlock.minecraft.leaves":1,"stat.playOneMinute":175020,"stat.killEntity.Sheep":1,"stat.damageDealt":100,"stat.useItem.minecraft.wool":31,"stat.timeSinceDeath":175020}